time,Y,alpha_0.5%,alpha_2.5%,alpha_5%,alpha_10%,alpha_15%,alpha_20%,alpha_25%,alpha_50%,alpha_75%,alpha_80%,alpha_85%,alpha_90%,alpha_95%,alpha_97.5%,alpha_99.5%,b_ex_0.5%,b_ex_2.5%,b_ex_5%,b_ex_10%,b_ex_15%,b_ex_20%,b_ex_25%,b_ex_50%,b_ex_75%,b_ex_80%,b_ex_85%,b_ex_90%,b_ex_95%,b_ex_97.5%,b_ex_99.5%
-28,0.1866331,0,0,0,0,0,0,0,0,0,0,0,0,0,0,0,0,0,0,0,0,0,0,0,0,0,0,0,0,0,0
-27,0.16203009,0,0,0,0,0,0,0,0,0,0,0,0,0,0,0,0,0,0,0,0,0,0,0,0,0,0,0,0,0,0
-26,-0.71599592,0,0,0,0,0,0,0,0,0,0,0,0,0,0,0,0,0,0,0,0,0,0,0,0,0,0,0,0,0,0
-25,-0.0759086799999995,0,0,0,0,0,0,0,0,0,0,0,0,0,0,0,0,0,0,0,0,0,0,0,0,0,0,0,0,0,0
-24,0.546141639999999,0,0,0,0,0,0,0,0,0,0,0,0,0,0,0,0,0,0,0,0,0,0,0,0,0,0,0,0,0,0
-23,0.450485130000001,0,0,0,0,0,0,0,0,0,0,0,0,0,0,0,0,0,0,0,0,0,0,0,0,0,0,0,0,0,0
-22,0.32477019,0,0,0,0,0,0,0,0,0,0,0,0,0,0,0,0,0,0,0,0,0,0,0,0,0,0,0,0,0,0
-21,-0.0145169200000002,0,0,0,0,0,0,0,0,0,0,0,0,0,0,0,0,0,0,0,0,0,0,0,0,0,0,0,0,0,0
-20,-0.23143783,0,0,0,0,0,0,0,0,0,0,0,0,0,0,0,0,0,0,0,0,0,0,0,0,0,0,0,0,0,0
-19,0.108072969999999,0,0,0,0,0,0,0,0,0,0,0,0,0,0,0,0,0,0,0,0,0,0,0,0,0,0,0,0,0,0
-18,-0.0104377099999997,0,0,0,0,0,0,0,0,0,0,0,0,0,0,0,0,0,0,0,0,0,0,0,0,0,0,0,0,0,0
-17,0.0938907100000002,0,0,0,0,0,0,0,0,0,0,0,0,0,0,0,0,0,0,0,0,0,0,0,0,0,0,0,0,0,0
-16,0.12214195,0,0,0,0,0,0,0,0,0,0,0,0,0,0,0,0,0,0,0,0,0,0,0,0,0,0,0,0,0,0
-15,-0.167882519999999,0,0,0,0,0,0,0,0,0,0,0,0,0,0,0,0,0,0,0,0,0,0,0,0,0,0,0,0,0,0
-14,-0.30942252,0,0,0,0,0,0,0,0,0,0,0,0,0,0,0,0,0,0,0,0,0,0,0,0,0,0,0,0,0,0
-13,-0.10725401,0,0,0,0,0,0,0,0,0,0,0,0,0,0,0,0,0,0,0,0,0,0,0,0,0,0,0,0,0,0
-12,0.21284364,0,0,0,0,0,0,0,0,0,0,0,0,0,0,0,0,0,0,0,0,0,0,0,0,0,0,0,0,0,0
-11,0.00146989000000008,0,0,0,0,0,0,0,0,0,0,0,0,0,0,0,0,0,0,0,0,0,0,0,0,0,0,0,0,0,0
-10,0.14322213,0,0,0,0,0,0,0,0,0,0,0,0,0,0,0,0,0,0,0,0,0,0,0,0,0,0,0,0,0,0
-9,0.0475685800000001,0,0,0,0,0,0,0,0,0,0,0,0,0,0,0,0,0,0,0,0,0,0,0,0,0,0,0,0,0,0
-8,0.0692590499999994,0,0,0,0,0,0,0,0,0,0,0,0,0,0,0,0,0,0,0,0,0,0,0,0,0,0,0,0,0,0
-7,-0.3091541,0,0,0,0,0,0,0,0,0,0,0,0,0,0,0,0,0,0,0,0,0,0,0,0,0,0,0,0,0,0
-6,-0.14181744,0,0,0,0,0,0,0,0,0,0,0,0,0,0,0,0,0,0,0,0,0,0,0,0,0,0,0,0,0,0
-5,0.0707427899999997,0,0,0,0,0,0,0,0,0,0,0,0,0,0,0,0,0,0,0,0,0,0,0,0,0,0,0,0,0,0
-4,-0.14278433,0,0,0,0,0,0,0,0,0,0,0,0,0,0,0,0,0,0,0,0,0,0,0,0,0,0,0,0,0,0
-3,-0.21347709,0,0,0,0,0,0,0,0,0,0,0,0,0,0,0,0,0,0,0,0,0,0,0,0,0,0,0,0,0,0
-2,-0.54188453,0,0,0,0,0,0,0,0,0,0,0,0,0,0,0,0,0,0,0,0,0,0,0,0,0,0,0,0,0,0
-1,-0.11403156,0,0,0,0,0,0,0,0,0,0,0,0,0,0,0,0,0,0,0,0,0,0,0,0,0,0,0,0,0,0
0,-0.0817909399999994,0,0,0,0,0,0,0,0,0,0,0,0,0,0,0,0,0,0,0,0,0,0,0,0,0,0,0,0,0,0
1,0.226461639999999,-0.168119792593276,-0.142767937235833,-0.129796542418416,-0.114841354932505,-0.104751160935672,-0.0967317946126485,-0.0898518923654113,-0.0620867851913808,-0.0343216780173503,-0.0274417757701132,-0.0194224094470896,-0.00933221545025694,0.00562297203565454,0.0185943668530711,0.0439462222105143,-0.168119792593276,-0.142767937235833,-0.129796542418416,-0.114841354932505,-0.104751160935672,-0.0967317946126485,-0.0898518923654113,-0.0620867851913808,-0.0343216780173503,-0.0274417757701132,-0.0194224094470896,-0.00933221545025694,0.00562297203565454,0.0185943668530711,0.0439462222105143
2,0.39268239,-0.170041544459584,-0.145258012047719,-0.132577402311195,-0.117957471400546,-0.108093473423408,-0.100253880526279,-0.0935282078711292,-0.066385522499013,-0.0392428371268968,-0.0325171644717472,-0.0246775715746176,-0.01481357359748,-0.000193642686830503,0.0124869670496932,0.0372704994615579,-0.170041544459584,-0.145258012047719,-0.132577402311195,-0.117957471400546,-0.108093473423408,-0.100253880526279,-0.0935282078711292,-0.066385522499013,-0.0392428371268968,-0.0325171644717472,-0.0246775715746176,-0.01481357359748,-0.000193642686830503,0.0124869670496932,0.0372704994615579
3,-0.0112663299999998,-0.175730643081066,-0.15143549022933,-0.139004762168363,-0.124672928826236,-0.115003308910835,-0.107318201535263,-0.100725063701958,-0.0741172469079954,-0.0475094301140327,-0.0409162922807281,-0.0332311849051562,-0.0235615649897545,-0.00922973164762765,0.00320099641333935,0.027496149265075,-0.175730643081066,-0.15143549022933,-0.139004762168363,-0.124672928826236,-0.115003308910835,-0.107318201535263,-0.100725063701958,-0.0741172469079954,-0.0475094301140327,-0.0409162922807281,-0.0332311849051562,-0.0235615649897545,-0.00922973164762765,0.00320099641333935,0.027496149265075
4,-0.0589482500000003,-0.182181723587973,-0.158305141508008,-0.146088577131044,-0.132003660800697,-0.122500634620902,-0.114947930665262,-0.108468383176834,-0.0823189810501319,-0.0561695789234294,-0.0496900314350019,-0.0421373274793615,-0.0326343012995669,-0.0185493849692202,-0.00633282059225611,0.0175437614877095,-0.182181723587973,-0.158305141508008,-0.146088577131044,-0.132003660800697,-0.122500634620902,-0.114947930665262,-0.108468383176834,-0.0823189810501319,-0.0561695789234294,-0.0496900314350019,-0.0421373274793615,-0.0326343012995669,-0.0185493849692202,-0.00633282059225611,0.0175437614877095
5,-0.0321811599999995,-0.189061413055544,-0.165542710438189,-0.153509256754353,-0.139635455326061,-0.130274867368412,-0.12283536879635,-0.116452941447035,-0.0906954854518743,-0.0649380294567139,-0.0585556021073982,-0.0511161035353361,-0.0417555155776877,-0.027881714149396,-0.0158482604655593,0.00767044215179573,-0.189061413055544,-0.165542710438189,-0.153509256754353,-0.139635455326061,-0.130274867368412,-0.12283536879635,-0.116452941447035,-0.0906954854518743,-0.0649380294567139,-0.0585556021073982,-0.0511161035353361,-0.0417555155776877,-0.027881714149396,-0.0158482604655593,0.00767044215179573
6,-0.48234846,-0.19659847418268,-0.173385100155371,-0.161507869266068,-0.147814182714757,-0.138575117409511,-0.131232201189231,-0.124932632897889,-0.0995095698261026,-0.0740865067543162,-0.0677869384629742,-0.0604440222426947,-0.0512049569374482,-0.0375112703861376,-0.0256340394968339,-0.00242066546952507,-0.19659847418268,-0.173385100155371,-0.161507869266068,-0.147814182714757,-0.138575117409511,-0.131232201189231,-0.124932632897889,-0.0995095698261026,-0.0740865067543162,-0.0677869384629742,-0.0604440222426947,-0.0512049569374482,-0.0375112703861376,-0.0256340394968339,-0.00242066546952507
7,-0.30536175,-0.201462210555417,-0.178508830771074,-0.166764627146568,-0.153224312511987,-0.144088726510823,-0.136828052361067,-0.130599040443262,-0.105460720555704,-0.0803224006681456,-0.0740933887503404,-0.0668327146005848,-0.0576971285994206,-0.0441568139648391,-0.0324126103403338,-0.0094592305559907,-0.201462210555417,-0.178508830771074,-0.166764627146568,-0.153224312511987,-0.144088726510823,-0.136828052361067,-0.130599040443262,-0.105460720555704,-0.0803224006681456,-0.0740933887503404,-0.0668327146005848,-0.0576971285994206,-0.0441568139648391,-0.0324126103403338,-0.0094592305559907
8,-0.32573301,-0.204994080292002,-0.182261715997485,-0.170630595977271,-0.157220659496124,-0.14817303901611,-0.140982277074001,-0.134813243605256,-0.109916977747891,-0.0850207118905255,-0.0788516784217799,-0.0716609164796709,-0.0626132959996572,-0.04920335951851,-0.0375722394982961,-0.0148398752037789,-0.204994080292002,-0.182261715997485,-0.170630595977271,-0.157220659496124,-0.14817303901611,-0.140982277074001,-0.134813243605256,-0.109916977747891,-0.0850207118905255,-0.0788516784217799,-0.0716609164796709,-0.0626132959996572,-0.04920335951851,-0.0375722394982961,-0.0148398752037789
9,-0.13774326,-0.207051796947462,-0.184507033435846,-0.172971900229566,-0.159672630397515,-0.150699676180256,-0.143568256616816,-0.137450133625022,-0.112759326333499,-0.0880685190419766,-0.0819503960501831,-0.0748189764867426,-0.0658460222694833,-0.0525467524374328,-0.0410116192311526,-0.0184668557195366,-0.207051796947462,-0.184507033435846,-0.172971900229566,-0.159672630397515,-0.150699676180256,-0.143568256616816,-0.137450133625022,-0.112759326333499,-0.0880685190419766,-0.0819503960501831,-0.0748189764867426,-0.0658460222694833,-0.0525467524374328,-0.0410116192311526,-0.0184668557195366
10,-0.53066302,-0.209042170975758,-0.186656438562923,-0.175202674358692,-0.161997217774817,-0.153087558910723,-0.146006444487474,-0.13993147882671,-0.115414840858868,-0.0908982028910258,-0.0848232372302622,-0.0777421228070134,-0.0688324639429187,-0.0556270073590437,-0.0441732431548128,-0.0217875107419776,-0.209042170975758,-0.186656438562923,-0.175202674358692,-0.161997217774817,-0.153087558910723,-0.146006444487474,-0.13993147882671,-0.115414840858868,-0.0908982028910258,-0.0848232372302622,-0.0777421228070134,-0.0688324639429187,-0.0556270073590437,-0.0441732431548128,-0.0217875107419776
11,-0.30940424,-0.208029179198367,-0.18577810704399,-0.174393242387901,-0.161267222570438,-0.152411159315515,-0.14537264098342,-0.139334218976039,-0.114965059622896,-0.0905959002697533,-0.084557478262372,-0.0775189599302774,-0.0686628966753541,-0.0555368768578914,-0.0441520122018021,-0.0219009400474253,-0.208029179198367,-0.18577810704399,-0.174393242387901,-0.161267222570438,-0.152411159315515,-0.14537264098342,-0.139334218976039,-0.114965059622896,-0.0905959002697533,-0.084557478262372,-0.0775189599302774,-0.0686628966753541,-0.0555368768578914,-0.0441520122018021,-0.0219009400474253
12,-0.413863173,-0.205648913005368,-0.183511753848675,-0.172185173308165,-0.159126351343224,-0.150315626160374,-0.143313141090717,-0.137305632414045,-0.113061229475951,-0.088816826537857,-0.082809317861185,-0.0758068327915283,-0.0669961076086787,-0.0539372856437373,-0.0426107051032271,-0.0204735459465347,-0.205648913005368,-0.183511753848675,-0.172185173308165,-0.159126351343224,-0.150315626160374,-0.143313141090717,-0.137305632414045,-0.113061229475951,-0.088816826537857,-0.082809317861185,-0.0758068327915283,-0.0669961076086787,-0.0539372856437373,-0.0426107051032271,-0.0204735459465347
13,-0.0484661490000002,-0.20109294270868,-0.179052064933892,-0.167774747210664,-0.154772722119067,-0.146000317517019,-0.139028288430196,-0.133046908274943,-0.108907951776557,-0.0847689952781701,-0.0787876151229174,-0.0718155860360947,-0.0630431814340465,-0.0500411563424493,-0.0387638386192215,-0.0167229608444329,-0.20109294270868,-0.179052064933892,-0.167774747210664,-0.154772722119067,-0.146000317517019,-0.139028288430196,-0.133046908274943,-0.108907951776557,-0.0847689952781701,-0.0787876151229174,-0.0718155860360947,-0.0630431814340465,-0.0500411563424493,-0.0387638386192215,-0.0167229608444329
14,-0.369451591,-0.197051541215034,-0.175091983555865,-0.163856273648375,-0.150902219703596,-0.142162181006563,-0.135215875315026,-0.129256563542474,-0.105206668049437,-0.0811567725563993,-0.0751974607838474,-0.0682511550923105,-0.0595111163952774,-0.0465570624504988,-0.0353213525430081,-0.0133617948838398,-0.197051541215034,-0.175091983555865,-0.163856273648375,-0.150902219703596,-0.142162181006563,-0.135215875315026,-0.129256563542474,-0.105206668049437,-0.0811567725563993,-0.0751974607838474,-0.0682511550923105,-0.0595111163952774,-0.0465570624504988,-0.0353213525430081,-0.0133617948838398
15,-0.116616835,-0.191087100660831,-0.1691961842161,-0.15799559490553,-0.145082032759742,-0.136369313687252,-0.129444720767253,-0.123504036619338,-0.0995293163215097,-0.0755545960236811,-0.0696139118757665,-0.0626893189557671,-0.0539765998832775,-0.0410630377374892,-0.0298624484269196,-0.00797153198218831,-0.191087100660831,-0.1691961842161,-0.15799559490553,-0.145082032759742,-0.136369313687252,-0.129444720767253,-0.123504036619338,-0.0995293163215097,-0.0755545960236811,-0.0696139118757665,-0.0626893189557671,-0.0539765998832775,-0.0410630377374892,-0.0298624484269196,-0.00797153198218831
16,0.0679575000000003,-0.185039766232185,-0.163206758200193,-0.152035797998591,-0.139156396317878,-0.130466725148998,-0.123560449972153,-0.117635480816823,-0.0937241812534272,-0.0698128816900313,-0.0638879125347011,-0.0569816373578569,-0.0482919661889766,-0.0354125645082638,-0.0242416043066611,-0.00240859627466972,-0.185039766232185,-0.163206758200193,-0.152035797998591,-0.139156396317878,-0.130466725148998,-0.123560449972153,-0.117635480816823,-0.0937241812534272,-0.0698128816900313,-0.0638879125347011,-0.0569816373578569,-0.0482919661889766,-0.0354125645082638,-0.0242416043066611,-0.00240859627466972
17,-0.106242775,-0.180239478046107,-0.158455301600511,-0.14730932630742,-0.134458730626089,-0.125788494728236,-0.118897666088693,-0.112985948686982,-0.0891281290054577,-0.0652703093239335,-0.0593585919222222,-0.0524677632826794,-0.0437975273848259,-0.0309469317034958,-0.0198009564104044,0.00198322003519162,-0.180239478046107,-0.158455301600511,-0.14730932630742,-0.134458730626089,-0.125788494728236,-0.118897666088693,-0.112985948686982,-0.0891281290054577,-0.0652703093239335,-0.0593585919222222,-0.0524677632826794,-0.0437975273848259,-0.0309469317034958,-0.0198009564104044,0.00198322003519162
18,-0.0576923789999997,-0.175343283926306,-0.153600268867409,-0.142475353989445,-0.129649039617968,-0.120995186204596,-0.114117377844383,-0.10821683068299,-0.0844040905546982,-0.0605913504264064,-0.054690803265013,-0.0478129949048008,-0.0391591414914287,-0.0263328271199508,-0.0152079122419878,0.00653510281690933,-0.175343283926306,-0.153600268867409,-0.142475353989445,-0.129649039617968,-0.120995186204596,-0.114117377844383,-0.10821683068299,-0.0844040905546982,-0.0605913504264064,-0.054690803265013,-0.0478129949048008,-0.0391591414914287,-0.0263328271199508,-0.0152079122419878,0.00653510281690933
19,-0.0191626730000003,-0.170673934971762,-0.148965604125788,-0.137858435586836,-0.125052581607694,-0.116412532723895,-0.109545695766175,-0.103654561091208,-0.0798798067779761,-0.0561050524647443,-0.050213917789777,-0.043347080832057,-0.034707031948258,-0.0219011779691159,-0.0107940094301645,0.0109143214158103,-0.170673934971762,-0.148965604125788,-0.137858435586836,-0.125052581607694,-0.116412532723895,-0.109545695766175,-0.103654561091208,-0.0798798067779761,-0.0561050524647443,-0.050213917789777,-0.043347080832057,-0.034707031948258,-0.0219011779691159,-0.0107940094301645,0.0109143214158103
20,-0.0387158749999998,-0.166481502839736,-0.144802389590585,-0.133710170371069,-0.120921551999824,-0.112293131898846,-0.105435537129073,-0.0995523314284236,-0.0758095759450898,-0.0520668204617561,-0.0461836147611069,-0.0393260199913335,-0.030697599890356,-0.0179089815191104,-0.00681676229959437,0.0148623509495566,-0.166481502839736,-0.144802389590585,-0.133710170371069,-0.120921551999824,-0.112293131898846,-0.105435537129073,-0.0995523314284236,-0.0758095759450898,-0.0520668204617561,-0.0461836147611069,-0.0393260199913335,-0.030697599890356,-0.0179089815191104,-0.00681676229959437,0.0148623509495566
21,-0.246359958,-0.162585751309462,-0.140931244092497,-0.129851614663901,-0.117077511515286,-0.108458884766107,-0.101609073441887,-0.0957325452444721,-0.0720167380499775,-0.0483009308554829,-0.0424244026580677,-0.0355745913338479,-0.0269559645846686,-0.0141818614360543,-0.0031022320074581,0.0185522752095065,-0.162585751309462,-0.140931244092497,-0.129851614663901,-0.117077511515286,-0.108458884766107,-0.101609073441887,-0.0957325452444721,-0.0720167380499775,-0.0483009308554829,-0.0424244026580677,-0.0355745913338479,-0.0269559645846686,-0.0141818614360543,-0.0031022320074581,0.0185522752095065
22,-0.0478619819999997,-0.157402496484591,-0.135768706521441,-0.124699677172208,-0.111937795236228,-0.103327414081193,-0.0964841560938082,-0.0906132500758774,-0.0669201322177027,-0.0432270143595281,-0.0373561083415972,-0.0305128503542126,-0.0219024691991775,-0.0091405872631978,0.00192844208603601,0.0235622320491851,-0.157402496484591,-0.135768706521441,-0.124699677172208,-0.111937795236228,-0.103327414081193,-0.0964841560938082,-0.0906132500758774,-0.0669201322177027,-0.0432270143595281,-0.0373561083415972,-0.0305128503542126,-0.0219024691991775,-0.0091405872631978,0.00192844208603601,0.0235622320491851
23,-0.0585552900000002,-0.15237547306923,-0.130759122057229,-0.119699015428536,-0.106947420817895,-0.0983439804724262,-0.0915062388204568,-0.0856400653271285,-0.0619660464398504,-0.0382920275525723,-0.032425854059244,-0.0255881124072746,-0.0169846720618059,-0.00423307745116434,0.00682702917752843,0.0284433801895288,-0.15237547306923,-0.130759122057229,-0.119699015428536,-0.106947420817895,-0.0983439804724262,-0.0915062388204568,-0.0856400653271285,-0.0619660464398504,-0.0382920275525723,-0.032425854059244,-0.0255881124072746,-0.0169846720618059,-0.00423307745116434,0.00682702917752843,0.0284433801895288
24,0.026608982,-0.14738551224671,-0.125783837124263,-0.114731239482783,-0.101988302253493,-0.0933907030021206,-0.0865576036665728,-0.0806954128673744,-0.0570374668726154,-0.0333795208778564,-0.027517330078658,-0.0206842307431102,-0.0120866314917382,0.000656305737552147,0.0117089033790325,0.0333105785014797,-0.14738551224671,-0.125783837124263,-0.114731239482783,-0.101988302253493,-0.0933907030021206,-0.0865576036665728,-0.0806954128673744,-0.0570374668726154,-0.0333795208778564,-0.027517330078658,-0.0206842307431102,-0.0120866314917382,0.000656305737552147,0.0117089033790325,0.0333105785014797
25,-0.0101400890000001,-0.14303081242525,-0.121441484708439,-0.110395204674535,-0.0976595512421758,-0.0890668663340135,-0.0822376727626609,-0.0763788327613662,-0.0527344095260258,-0.0290899862906855,-0.0232311462893908,-0.0164019527180382,-0.00780926780987588,0.00492638562248311,0.0159726656563871,0.0375619933731979,-0.14303081242525,-0.121441484708439,-0.110395204674535,-0.0976595512421758,-0.0890668663340135,-0.0822376727626609,-0.0763788327613662,-0.0527344095260258,-0.0290899862906855,-0.0232311462893908,-0.0164019527180382,-0.00780926780987588,0.00492638562248311,0.0159726656563871,0.0375619933731979
26,0.0480932510000001,-0.139002846771262,-0.117423904294371,-0.10638293791682,-0.093653410789929,-0.0850648592709811,-0.0782389507863451,-0.0723829290969435,-0.0487498796760775,-0.0251168302552116,-0.01926080856581,-0.0124349000811739,-0.00384634856222602,0.00888317856466517,0.0199241449422161,0.0415030874191065,-0.139002846771262,-0.117423904294371,-0.10638293791682,-0.093653410789929,-0.0850648592709811,-0.0782389507863451,-0.0723829290969435,-0.0487498796760775,-0.0251168302552116,-0.01926080856581,-0.0124349000811739,-0.00384634856222602,0.00888317856466517,0.0199241449422161,0.0415030874191065
27,0.144059017,-0.135706006328478,-0.11413579552143,-0.103099296743403,-0.0903749204726412,-0.0817898442118699,-0.0749666977522647,-0.0691130456344042,-0.0454895590540309,-0.0218660724736576,-0.0160124203557971,-0.00918927389619188,-0.000604197635420599,0.0121201786353414,0.0231566774133679,0.0447268882204162,-0.135706006328478,-0.11413579552143,-0.103099296743403,-0.0903749204726412,-0.0817898442118699,-0.0749666977522647,-0.0691130456344042,-0.0454895590540309,-0.0218660724736576,-0.0160124203557971,-0.00918927389619188,-0.000604197635420599,0.0121201786353414,0.0231566774133679,0.0447268882204162
28,0,-0.133832471384281,-0.112269598484559,-0.101236854180977,-0.0885168065787981,-0.0799346508501696,-0.0731138255369288,-0.0672621647559702,-0.043646714580841,-0.0200312644057119,-0.0141796036247533,-0.00735877831151244,0.00122337741711599,0.0139434250192945,0.0249761693228765,0.0465390422225986,-0.133832471384281,-0.112269598484559,-0.101236854180977,-0.0885168065787981,-0.0799346508501696,-0.0731138255369288,-0.0672621647559702,-0.043646714580841,-0.0200312644057119,-0.0141796036247533,-0.00735877831151244,0.00122337741711599,0.0139434250192945,0.0249761693228765,0.0465390422225986
29,0,-0.132290249054048,-0.110733538881794,-0.099703947766411,-0.0869875355882838,-0.0784078326630036,-0.0715889567601084,-0.0657389683996476,-0.0421302675841306,-0.0185215667686135,-0.0126715784081527,-0.00585270250525759,0.00272700042002264,0.0154434125981499,0.0264730037135326,0.0480297138857864,-0.132290249054048,-0.110733538881794,-0.099703947766411,-0.0869875355882838,-0.0784078326630036,-0.0715889567601084,-0.0657389683996476,-0.0421302675841306,-0.0185215667686135,-0.0126715784081527,-0.00585270250525759,0.00272700042002264,0.0154434125981499,0.0264730037135326,0.0480297138857864
30,-0.0651426659999999,-0.13106723056537,-0.109515691690817,-0.0984887464939772,-0.0857753848904755,-0.0771977401734124,-0.0703805000691618,-0.0645319150782837,-0.0409288778180713,-0.0173258405578589,-0.0114772555669808,-0.00466001546273015,0.0039176292543329,0.0166309908578347,0.0276579360546741,0.0492094749292271,-0.13106723056537,-0.109515691690817,-0.0984887464939772,-0.0857753848904755,-0.0771977401734124,-0.0703805000691618,-0.0645319150782837,-0.0409288778180713,-0.0173258405578589,-0.0114772555669808,-0.00466001546273015,0.0039176292543329,0.0166309908578347,0.0276579360546741,0.0492094749292271
31,0,-0.129666638502127,-0.108119433807432,-0.0970947062138949,-0.0843839013649764,-0.0758079816780925,-0.0689921125731436,-0.0631447037775903,-0.0395464132693053,-0.0159481227610202,-0.0101007139654669,-0.00328484486051807,0.00529107482636587,0.0180018796752844,0.0290266072688218,0.0505738119635164,-0.129666638502127,-0.108119433807432,-0.0970947062138949,-0.0843839013649764,-0.0758079816780925,-0.0689921125731436,-0.0631447037775903,-0.0395464132693053,-0.0159481227610202,-0.0101007139654669,-0.00328484486051807,0.00529107482636587,0.0180018796752844,0.0290266072688218,0.0505738119635164
32,-0.174803413,-0.128564741092813,-0.107021162878723,-0.095998290790869,-0.0832896252211702,-0.0747151488958195,-0.0679004269288618,-0.0620540022755618,-0.0384596834538147,-0.0148653646320675,-0.0090189399787675,-0.0022042180118098,0.00637025831354089,0.0190789238832397,0.0301017959710933,0.051645374185184,-0.128564741092813,-0.107021162878723,-0.095998290790869,-0.0832896252211702,-0.0747151488958195,-0.0679004269288618,-0.0620540022755618,-0.0384596834538147,-0.0148653646320675,-0.0090189399787675,-0.0022042180118098,0.00637025831354089,0.0190789238832397,0.0301017959710933,0.051645374185184
33,0,-0.126445749093228,-0.104905198007733,-0.0938838747643171,-0.0811769949130615,-0.0726037234034668,-0.0657899589858784,-0.0599443558246756,-0.0363533522849338,-0.012762348745192,-0.00691674558398908,-0.000102981166400763,0.00847029034319399,0.0211771701944496,0.032198493437865,0.0537390445233606,-0.126445749093228,-0.104905198007733,-0.0938838747643171,-0.0811769949130615,-0.0726037234034668,-0.0657899589858784,-0.0599443558246756,-0.0363533522849338,-0.012762348745192,-0.00691674558398908,-0.000102981166400763,0.00847029034319399,0.0211771701944496,0.032198493437865,0.0537390445233606
34,0.116257328,-0.124600741902078,-0.103062709076041,-0.0920426743118015,-0.0793372799945164,-0.070765010767639,-0.0639520429325814,-0.0581071231682608,-0.0345188776019607,-0.0109306320356606,-0.00508571227134,0.00172725556371761,0.010299524790595,0.0230049191078801,0.0340249538721197,0.0555629866981563,-0.124600741902078,-0.103062709076041,-0.0920426743118015,-0.0793372799945164,-0.070765010767639,-0.0639520429325814,-0.0581071231682608,-0.0345188776019607,-0.0109306320356606,-0.00508571227134,0.00172725556371761,0.010299524790595,0.0230049191078801,0.0340249538721197,0.0555629866981563
35,-0.0479804160000001,-0.123885077925148,-0.102349129791211,-0.0913301616693893,-0.0786259971225,-0.0700545576158703,-0.0632422492161629,-0.0573978951886556,-0.0338119327570117,-0.0102259703253678,-0.0043816162978605,0.00243069210184689,0.0110021316084766,0.0237062961553659,0.0347252642771876,0.0562612124111247,-0.123885077925148,-0.102349129791211,-0.0913301616693893,-0.0786259971225,-0.0700545576158703,-0.0632422492161629,-0.0573978951886556,-0.0338119327570117,-0.0102259703253678,-0.0043816162978605,0.00243069210184689,0.0110021316084766,0.0237062961553659,0.0347252642771876,0.0562612124111247
36,-0.0737918449999997,-0.123065012215903,-0.101530777563987,-0.090512686153219,-0.0778095323980262,-0.0692387748677554,-0.062427008481239,-0.0565831194527878,-0.0329990336101075,-0.00941494776742724,-0.00357105873897599,0.00324070764754043,0.0118114651778112,0.024514618933004,0.0355327103437724,0.0570669449956879,-0.123065012215903,-0.101530777563987,-0.090512686153219,-0.0778095323980262,-0.0692387748677554,-0.062427008481239,-0.0565831194527878,-0.0329990336101075,-0.00941494776742724,-0.00357105873897599,0.00324070764754043,0.0118114651778112,0.024514618933004,0.0355327103437724,0.0570669449956879
37,0,-0.12194122914477,-0.100408388032136,-0.0893910096322293,-0.0766886779328957,-0.0681184750398103,-0.0613071494613465,-0.0554636386069541,-0.031881078955039,-0.00829851930312384,-0.00245500844873145,0.00435631712973236,0.0129265200228177,0.0256288517221513,0.0366462301220584,0.0581790712346916,-0.12194122914477,-0.100408388032136,-0.0893910096322293,-0.0766886779328957,-0.0681184750398103,-0.0613071494613465,-0.0554636386069541,-0.031881078955039,-0.00829851930312384,-0.00245500844873145,0.00435631712973236,0.0129265200228177,0.0256288517221513,0.0366462301220584,0.0581790712346916
38,0.0112521399999999,-0.121057021869105,-0.0995252960567851,-0.0885084883054753,-0.0758068145274278,-0.0672370555307107,-0.0604260827470086,-0.0545828745591083,-0.0310015363733258,-0.00742019818754325,-0.00157698999964295,0.00523398278405916,0.0138037417807763,0.0265054155588238,0.0375222233101336,0.0590539491224538,-0.121057021869105,-0.0995252960567851,-0.0885084883054753,-0.0758068145274278,-0.0672370555307107,-0.0604260827470086,-0.0545828745591083,-0.0310015363733258,-0.00742019818754325,-0.00157698999964295,0.00523398278405916,0.0138037417807763,0.0265054155588238,0.0375222233101336,0.0590539491224538
39,0,-0.120489818795249,-0.0989589634272091,-0.0879426010427679,-0.0752414407441968,-0.0666720281896446,-0.0598613307471927,-0.0540183587775683,-0.0304379738939565,-0.00685758901034466,-0.00101461704072024,0.00579608040173161,0.0143654929562838,0.0270666532548549,0.0380830156392961,0.0596138710073357,-0.120489818795249,-0.0989589634272091,-0.0879426010427679,-0.0752414407441968,-0.0666720281896446,-0.0598613307471927,-0.0540183587775683,-0.0304379738939565,-0.00685758901034466,-0.00101461704072024,0.00579608040173161,0.0143654929562838,0.0270666532548549,0.0380830156392961,0.0596138710073357
40,0,-0.120151151126982,-0.0986209474047869,-0.0876049184379759,-0.074904142548579,-0.0663349893530718,-0.059524498040967,-0.0536817029128261,-0.0301020317054509,-0.00652236049807562,-0.00067956536993476,0.00613092594217005,0.0147000791376773,0.0274008550270741,0.0384168839938852,0.0599470877160799,-0.120151151126982,-0.0986209474047869,-0.0876049184379759,-0.074904142548579,-0.0663349893530718,-0.059524498040967,-0.0536817029128261,-0.0301020317054509,-0.00652236049807562,-0.00067956536993476,0.00613092594217005,0.0147000791376773,0.0274008550270741,0.0384168839938852,0.0599470877160799
41,0,-0.120038425033463,-0.098508673668418,-0.0874928761522486,-0.0747923671106186,-0.0662233939560328,-0.0594130457347449,-0.0535703733657839,-0.0299911975755911,-0.00641202178539818,-0.000569349416437208,0.00624099880485066,0.0148099719594365,0.0275104810010665,0.0385262785172358,0.0600560298822806,-0.120038425033463,-0.098508673668418,-0.0874928761522486,-0.0747923671106186,-0.0662233939560328,-0.0594130457347449,-0.0535703733657839,-0.0299911975755911,-0.00641202178539818,-0.000569349416437208,0.00624099880485066,0.0148099719594365,0.0275104810010665,0.0385262785172358,0.0600560298822806
42,0,-0.120150755030182,-0.0986212702778455,-0.0876056091753094,-0.074905257409862,-0.0663363903687699,-0.059526126483123,-0.0536835264666326,-0.0301046426681029,-0.00652575886957318,-0.000683158853082778,0.00612710503256412,0.0146959720736562,0.0273963238391035,0.0384119849416397,0.0599414696939765,-0.120150755030182,-0.0986212702778455,-0.0876056091753094,-0.074905257409862,-0.0663363903687699,-0.059526126483123,-0.0536835264666326,-0.0301046426681029,-0.00652575886957318,-0.000683158853082778,0.00612710503256412,0.0146959720736562,0.0273963238391035,0.0384119849416397,0.0599414696939765
43,-0.165621053,-0.1204889560893,-0.0989595601884181,-0.0879439445471425,-0.075243645195617,-0.0666748135179492,-0.0598645777380309,-0.054022001833753,-0.0304432153444787,-0.00686442885520436,-0.00102185295092648,0.00578838282899185,0.0143572145066597,0.0270575138581851,0.0380731294994607,0.0596025254003427,-0.1204889560893,-0.0989595601884181,-0.0879439445471425,-0.075243645195617,-0.0666748135179492,-0.0598645777380309,-0.054022001833753,-0.0304432153444787,-0.00686442885520436,-0.00102185295092648,0.00578838282899185,0.0143572145066597,0.0270575138581851,0.0380731294994607,0.0596025254003427
44,-0.010971396,-0.119817006881695,-0.0982875247315624,-0.087271864960456,-0.0745715147300619,-0.066002648724663,-0.0591923856621522,-0.0533497863518392,-0.0297709054032182,-0.00619202445459709,-0.000349425144284144,0.00646083791822667,0.0150297039236256,0.0277300541540197,0.0387457139251261,0.060275196075259,-0.119817006881695,-0.0982875247315624,-0.087271864960456,-0.0745715147300619,-0.066002648724663,-0.0591923856621522,-0.0533497863518392,-0.0297709054032182,-0.00619202445459709,-0.000349425144284144,0.00646083791822667,0.0150297039236256,0.0277300541540197,0.0387457139251261,0.060275196075259
45,0,-0.119286386721618,-0.0977566406389009,-0.0867408458254589,-0.0740403398999004,-0.0654713688477132,-0.0586610222973451,-0.0528183513618846,-0.0292391813568455,-0.00566001135180636,0.000182659583654203,0.00699300613402227,0.0155619771862095,0.0282624831117679,0.03927827792521,0.0608080240079275,-0.119286386721618,-0.0977566406389009,-0.0867408458254589,-0.0740403398999004,-0.0654713688477132,-0.0586610222973451,-0.0528183513618846,-0.0292391813568455,-0.00566001135180636,0.000182659583654203,0.00699300613402227,0.0155619771862095,0.0282624831117679,0.03927827792521,0.0608080240079275
46,-0.0585976159999997,-0.118975198286426,-0.0974450026848472,-0.0864289778729874,-0.0737282067739832,-0.0651590568105311,-0.0583485680671613,-0.0525057751427663,-0.0289261128290118,-0.00534645051525723,0.000496342409137731,0.00730683115250755,0.0158759811159597,0.0285767522149639,0.0395927770268237,0.061122972628402,-0.118975198286426,-0.0974450026848472,-0.0864289778729874,-0.0737282067739832,-0.0651590568105311,-0.0583485680671613,-0.0525057751427663,-0.0289261128290118,-0.00534645051525723,0.000496342409137731,0.00730683115250755,0.0158759811159597,0.0285767522149639,0.0395927770268237,0.061122972628402
47,0,-0.118442953856614,-0.096912109690616,-0.0858957530377514,-0.0731945993473211,-0.0646251912512502,-0.0578144973522579,-0.0519715284226063,-0.0283911558073621,-0.00481078319211786,0.00103218573753378,0.00784287963652607,0.016412287732597,0.0291134414230273,0.0401297980758919,0.06166064224189,-0.118442953856614,-0.096912109690616,-0.0858957530377514,-0.0731945993473211,-0.0646251912512502,-0.0578144973522579,-0.0519715284226063,-0.0283911558073621,-0.00481078319211786,0.00103218573753378,0.00784287963652607,0.016412287732597,0.0291134414230273,0.0401297980758919,0.06166064224189
48,-0.116535168,-0.118123936979655,-0.096592225786166,-0.0855754255146493,-0.0728737603603242,-0.0643040071819917,-0.0574930390225572,-0.0516498348018667,-0.0280685126264871,-0.00448719045110745,0.001356013769583,0.00816698192901751,0.0167367351073501,0.0294384002616751,0.0404552005331918,0.0619869117266808,-0.118123936979655,-0.096592225786166,-0.0855754255146493,-0.0728737603603242,-0.0643040071819917,-0.0574930390225572,-0.0516498348018667,-0.0280685126264871,-0.00448719045110745,0.001356013769583,0.00816698192901751,0.0167367351073501,0.0294384002616751,0.0404552005331918,0.0619869117266808
49,0,-0.117144373835905,-0.0956115511964959,-0.0845941822484997,-0.0718918614466141,-0.0633216659059851,-0.0565103461710206,-0.0506668403298303,-0.0270843009096114,-0.00350176148939251,0.00234174435179782,0.00915306408676235,0.0177232596273913,0.030425580429277,0.0414429493772731,0.0629757720166825,-0.117144373835905,-0.0956115511964959,-0.0845941822484997,-0.0718918614466141,-0.0633216659059851,-0.0565103461710206,-0.0506668403298303,-0.0270843009096114,-0.00350176148939251,0.00234174435179782,0.00915306408676235,0.0177232596273913,0.030425580429277,0.0414429493772731,0.0629757720166825
50,0,-0.116368513061747,-0.094834301290342,-0.0838162215864932,-0.071113081328629,-0.0625423329049416,-0.0557305737560491,-0.0498866909368346,-0.0263026301526682,-0.00271856936850187,0.00312531345071256,0.00993707259960512,0.0185078210232925,0.0312109612811567,0.0422290409850055,0.0637632527564107,-0.116368513061747,-0.094834301290342,-0.0838162215864932,-0.071113081328629,-0.0625423329049416,-0.0557305737560491,-0.0498866909368346,-0.0263026301526682,-0.00271856936850187,0.00312531345071256,0.00993707259960512,0.0185078210232925,0.0312109612811567,0.0422290409850055,0.0637632527564107
51,-0.0099924210000002,-0.115790683064746,-0.0942547629032731,-0.083235809093693,-0.0705316610479019,-0.0619602326744847,-0.0551479331231018,-0.0493035866866689,-0.0257176548901981,-0.00213172309372739,0.00371262334270546,0.0105249228940884,0.0190963512675056,0.0318004993132967,0.0428194531228768,0.0643553732843493,-0.115790683064746,-0.0942547629032731,-0.083235809093693,-0.0705316610479019,-0.0619602326744847,-0.0551479331231018,-0.0493035866866689,-0.0257176548901981,-0.00213172309372739,0.00371262334270546,0.0105249228940884,0.0190963512675056,0.0318004993132967,0.0428194531228768,0.0643553732843493
52,0,-0.115331998082617,-0.0937939991578358,-0.0827739817393312,-0.0700686074205678,-0.061496351686598,-0.0546833945752756,-0.048838484010965,-0.0252502755729922,-0.00166206713501945,0.00418284342929116,0.0109958005406135,0.0195680562745834,0.0322734305933468,0.0432934480118513,0.0648314469366327,-0.115331998082617,-0.0937939991578358,-0.0827739817393312,-0.0700686074205678,-0.061496351686598,-0.0546833945752756,-0.048838484010965,-0.0252502755729922,-0.00166206713501945,0.00418284342929116,0.0109958005406135,0.0195680562745834,0.0322734305933468,0.0432934480118513,0.0648314469366327
53,0,-0.115063948045898,-0.0935234378043562,-0.0825021354589397,-0.0697952797017386,-0.061222024448288,-0.0544082729505677,-0.0485626808734612,-0.0249717220656229,-0.00138076325778456,0.00446482881932195,0.0112785803170422,0.0198518355704929,0.032558691327694,0.0435799936731104,0.0651205039146525,-0.115063948045898,-0.0935234378043562,-0.0825021354589397,-0.0697952797017386,-0.061222024448288,-0.0544082729505677,-0.0485626808734612,-0.0249717220656229,-0.00138076325778456,0.00446482881932195,0.0112785803170422,0.0198518355704929,0.032558691327694,0.0435799936731104,0.0651205039146525
54,0,-0.114984763964277,-0.0934412347579539,-0.0824183877451529,-0.0697097510853838,-0.0611352942654254,-0.0543205878007352,-0.0484741764470003,-0.0248799112980872,-0.00128564614917406,0.00456076520456078,0.011375471669251,0.0199499284892094,0.0326585651489785,0.0436814121617796,0.0652249413681024,-0.114984763964277,-0.0934412347579539,-0.0824183877451529,-0.0697097510853838,-0.0611352942654254,-0.0543205878007352,-0.0484741764470003,-0.0248799112980872,-0.00128564614917406,0.00456076520456078,0.011375471669251,0.0199499284892094,0.0326585651489785,0.0436814121617796,0.0652249413681024
55,0,-0.115094136683748,-0.093546990625203,-0.0825222930331248,-0.0698115227739673,-0.061235626424631,-0.0544197758676251,-0.0485723829845554,-0.0249741566940157,-0.00137593040347603,0.00447146247959372,0.0112873130365996,0.019863209385936,0.0325739796450934,0.0435986772371717,0.0651458232957161,-0.115094136683748,-0.093546990625203,-0.0825222930331248,-0.0698115227739673,-0.061235626424631,-0.0544197758676251,-0.0485723829845554,-0.0249741566940157,-0.00137593040347603,0.00447146247959372,0.0112873130365996,0.019863209385936,0.0325739796450934,0.0435986772371717,0.0651458232957161
56,-0.105789813,-0.11539322294505,-0.0938417540864447,-0.0828148447135908,-0.0701015244128502,-0.061523907562564,-0.0547066896059442,-0.0488581236157612,-0.0252551630363387,-0.00165220245691614,0.0041963635332668,0.0110135814898866,0.0195911983401728,0.0323045186409135,0.0433314280137673,0.0648828968723726,-0.11539322294505,-0.0938417540864447,-0.0828148447135908,-0.0701015244128502,-0.061523907562564,-0.0547066896059442,-0.0488581236157612,-0.0252551630363387,-0.00165220245691614,0.0041963635332668,0.0110135814898866,0.0195911983401728,0.0323045186409135,0.0433314280137673,0.0648828968723726
57,-0.105977187,-0.115093550008201,-0.0935369233217421,-0.0825073749222552,-0.0697910119928202,-0.0612113422953988,-0.0543924928009525,-0.0485425270965893,-0.0249339177139091,-0.00132530833122888,0.00452465737313428,0.0113435068675805,0.0199231765650019,0.032639539494437,0.0436690878939238,0.0652257145803823,-0.115093550008201,-0.0935369233217421,-0.0825073749222552,-0.0697910119928202,-0.0612113422953988,-0.0543924928009525,-0.0485425270965893,-0.0249339177139091,-0.00132530833122888,0.00452465737313428,0.0113435068675805,0.0199231765650019,0.032639539494437,0.0436690878939238,0.0652257145803823
58,-0.0573121840000002,-0.114191958060911,-0.0926291846071654,-0.0815964911855801,-0.068876502247085,-0.0602943860985653,-0.0534735922423402,-0.0476219584487,-0.0240066171858437,-0.000391275922987353,0.00546035787065281,0.0122811517268779,0.0208632678753976,0.0335832568138927,0.044615950235478,0.0661787236892239,-0.114191958060911,-0.0926291846071654,-0.0815964911855801,-0.068876502247085,-0.0602943860985653,-0.0534735922423402,-0.0476219584487,-0.0240066171858437,-0.000391275922987353,0.00546035787065281,0.0122811517268779,0.0208632678753976,0.0335832568138927,0.044615950235478,0.0661787236892239
59,-0.0574687979999999,-0.113046204221633,-0.0914761117845976,-0.0804396735711393,-0.0677153671274458,-0.059130337978666,-0.0523072289621783,-0.0464536089671785,-0.0228302520245005,0.000793104918177513,0.00664672491317726,0.013469833929665,0.0220548630784448,0.0347791695221383,0.0458156077355966,0.0673857001726317,-0.113046204221633,-0.0914761117845976,-0.0804396735711393,-0.0677153671274458,-0.059130337978666,-0.0523072289621783,-0.0464536089671785,-0.0228302520245005,0.000793104918177513,0.00664672491317726,0.013469833929665,0.0220548630784448,0.0347791695221383,0.0458156077355966,0.0673857001726317
60,0,-0.11164723211635,-0.0900684304577489,-0.0790275361305313,-0.0662980920730602,-0.0577095966006556,-0.0508837326600354,-0.0450277491854332,-0.021394853987398,0.00223804121063712,0.00809402468523935,0.0149198886258595,0.0235083840982641,0.0362378281557353,0.0472787224829528,0.0688575241415538,-0.11164723211635,-0.0900684304577489,-0.0790275361305313,-0.0662980920730602,-0.0577095966006556,-0.0508837326600354,-0.0450277491854332,-0.021394853987398,0.00223804121063712,0.00809402468523935,0.0149198886258595,0.0235083840982641,0.0362378281557353,0.0472787224829528,0.0688575241415538
61,0,-0.110415152798873,-0.0888259925361032,-0.0777797981808388,-0.065044243530464,-0.0564516252700375,-0.0496224846681925,-0.0437636901100189,-0.020119450268727,0.00352478957256489,0.00938358413073855,0.0162127247325835,0.0248053429930101,0.0375408976433848,0.0485870919986492,0.0701762522614192,-0.110415152798873,-0.0888259925361032,-0.0777797981808388,-0.065044243530464,-0.0564516252700375,-0.0496224846681925,-0.0437636901100189,-0.020119450268727,0.00352478957256489,0.00938358413073855,0.0162127247325835,0.0248053429930101,0.0375408976433848,0.0485870919986492,0.0701762522614192
62,-0.0868550109999999,-0.109341715990554,-0.0877402399302107,-0.0766877441397827,-0.0639449243382327,-0.0553474043147995,-0.048514367947106,-0.0426522311687199,-0.0189945031848549,0.00466322479900998,0.0105253615773961,0.0173583979450897,0.0259559179685228,0.0386987377700728,0.0497512335605008,0.071352709620844,-0.109341715990554,-0.0877402399302107,-0.0766877441397827,-0.0639449243382327,-0.0553474043147995,-0.048514367947106,-0.0426522311687199,-0.0189945031848549,0.00466322479900998,0.0105253615773961,0.0173583979450897,0.0259559179685228,0.0386987377700728,0.0497512335605008,0.071352709620844
63,0,-0.107770520986317,-0.0861544065451712,-0.0750944209590574,-0.0623429659027574,-0.0537396197139405,-0.0469019528946931,-0.0410358436011769,-0.0173620838040142,0.00631167599314847,0.0121777852866646,0.019015452105912,0.027618798294729,0.0403702533510289,0.0514302389371427,0.0730463533782886,-0.107770520986317,-0.0861544065451712,-0.0750944209590574,-0.0623429659027574,-0.0537396197139405,-0.0469019528946931,-0.0410358436011769,-0.0173620838040142,0.00631167599314847,0.0121777852866646,0.019015452105912,0.027618798294729,0.0403702533510289,0.0514302389371427,0.0730463533782886
64,0,-0.106340689679005,-0.0847071807936622,-0.0736382952591968,-0.0608765791324346,-0.0522663098480913,-0.0454231407719862,-0.0395523110320163,-0.0158595010075414,0.00783330901693358,0.0137041387569034,0.0205473078330085,0.0291575771173518,0.041919293244114,0.0529881787785795,0.0746216876639218,-0.106340689679005,-0.0847071807936622,-0.0736382952591968,-0.0608765791324346,-0.0522663098480913,-0.0454231407719862,-0.0395523110320163,-0.0158595010075414,0.00783330901693358,0.0137041387569034,0.0205473078330085,0.0291575771173518,0.041919293244114,0.0529881787785795,0.0746216876639218
65,-0.0866274900000001,-0.105043135052198,-0.0833889617146275,-0.0723095031169779,-0.0595355969255044,-0.0509171030623728,-0.0440673973517712,-0.0381909597614364,-0.0144755182284306,0.00923992330457527,0.0151163608949101,0.0219660666055117,0.0305845604686432,0.0433584666601168,0.0544379252577664,0.0760920985953365,-0.105043135052198,-0.0833889617146275,-0.0723095031169779,-0.0595355969255044,-0.0509171030623728,-0.0440673973517712,-0.0381909597614364,-0.0144755182284306,0.00923992330457527,0.0151163608949101,0.0219660666055117,0.0305845604686432,0.0433584666601168,0.0544379252577664,0.0760920985953365
66,-0.0097235139999996,-0.10322223939087,-0.0815435226471901,-0.0704515063015442,-0.0576631218308781,-0.0490348595415111,-0.0421773901954029,-0.0362942920970907,-0.0125519708627199,0.0111903503716509,0.0170734484699631,0.0239309178160713,0.0325591801054383,0.0453475645761044,0.0564395809217503,0.0781182976654302,-0.10322223939087,-0.0815435226471901,-0.0704515063015442,-0.0576631218308781,-0.0490348595415111,-0.0421773901954029,-0.0362942920970907,-0.0125519708627199,0.0111903503716509,0.0170734484699631,0.0239309178160713,0.0325591801054383,0.0453475645761044,0.0564395809217503,0.0781182976654302
67,-0.00948360500000023,-0.101441734438265,-0.0797338743513719,-0.0686269466784963,-0.0558213704025138,-0.0471815088837181,-0.0403148208377631,-0.0344238139158308,-0.0106495751733997,0.0131246635690314,0.0190156704909637,0.0258823585369186,0.0345222200557143,0.0473277963316969,0.0584347240045724,0.0801425840914652,-0.101441734438265,-0.0797338743513719,-0.0686269466784963,-0.0558213704025138,-0.0471815088837181,-0.0403148208377631,-0.0344238139158308,-0.0106495751733997,0.0131246635690314,0.0190156704909637,0.0258823585369186,0.0345222200557143,0.0473277963316969,0.0584347240045724,0.0801425840914652
68,0,-0.0996927551794716,-0.0779502988826149,-0.0668256698978512,-0.0539996851429223,-0.045346054120271,-0.0384684225091538,-0.0325680269827458,-0.00875589880524503,0.0150562293722558,0.0209566248986637,0.027834256509781,0.0364878875324323,0.0493138722873611,0.0604385012721249,0.0821809575689815,-0.0996927551794716,-0.0779502988826149,-0.0668256698978512,-0.0539996851429223,-0.045346054120271,-0.0384684225091538,-0.0325680269827458,-0.00875589880524503,0.0150562293722558,0.0209566248986637,0.027834256509781,0.0364878875324323,0.0493138722873611,0.0604385012721249,0.0821809575689815
69,0,-0.0980362765661417,-0.0762527631273099,-0.0651071270647159,-0.0522569224944238,-0.0435869504773308,-0.0366963315618512,-0.030784794084712,-0.00692770052179353,0.0169293930411249,0.0228409305182642,0.0297315494337437,0.0384015214508368,0.0512517260211289,0.0623973620837229,0.0841808755225547,-0.0980362765661417,-0.0762527631273099,-0.0651071270647159,-0.0522569224944238,-0.0435869504773308,-0.0366963315618512,-0.030784794084712,-0.00692770052179353,0.0169293930411249,0.0228409305182642,0.0297315494337437,0.0384015214508368,0.0512517260211289,0.0623973620837229,0.0841808755225547
70,0,-0.0964636045828802,-0.0746313829655905,-0.063460825136731,-0.0505818873660217,-0.0418925291950182,-0.0349865027789644,-0.0290617470382422,-0.00515130874863345,0.0187591295409753,0.0246838852816975,0.0315899116977513,0.0402792698687548,0.0531582076394641,0.0643287654683236,0.0861609870856133,-0.0964636045828802,-0.0746313829655905,-0.063460825136731,-0.0505818873660217,-0.0418925291950182,-0.0349865027789644,-0.0290617470382422,-0.00515130874863345,0.0187591295409753,0.0246838852816975,0.0315899116977513,0.0402792698687548,0.0531582076394641,0.0643287654683236,0.0861609870856133
71,0,-0.0949673239408948,-0.073077339897611,-0.0618772276545827,-0.0489642155371163,-0.0402518675661242,-0.0333275695858309,-0.0273871384699221,-0.00341343932915491,0.0205602598116123,0.0265006909275211,0.0334249889078144,0.0421373368788065,0.0550503489962729,0.0662504612393011,0.0881404452825849,-0.0949673239408948,-0.073077339897611,-0.0618772276545827,-0.0489642155371163,-0.0402518675661242,-0.0333275695858309,-0.0273871384699221,-0.00341343932915491,0.0205602598116123,0.0265006909275211,0.0334249889078144,0.0421373368788065,0.0550503489962729,0.0662504612393011,0.0881404452825849
72,0,-0.0935413479518873,-0.0715828952410151,-0.0603477506854641,-0.0473943485552646,-0.0386547496344335,-0.0317087934630808,-0.025749781547725,-0.00170109618339138,0.0223475891809422,0.028306601096298,0.0352525572676508,0.0439921561884818,0.0569455583186814,0.0681807028742323,0.0901391555851046,-0.0935413479518873,-0.0715828952410151,-0.0603477506854641,-0.0473943485552646,-0.0386547496344335,-0.0317087934630808,-0.025749781547725,-0.00170109618339138,0.0223475891809422,0.028306601096298,0.0352525572676508,0.0439921561884818,0.0569455583186814,0.0681807028742323,0.0901391555851046
73,0.0482282880000002,-0.0921809915595398,-0.0701414224642347,-0.0588647743329571,-0.0458635212379951,-0.0370916374984118,-0.0301200223765644,-0.0241389973664004,-1.47412114672566e-06,0.0241360491241069,0.0301170741342709,0.0370886892561183,0.0458605729957017,0.0588618260906637,0.0701384742219413,0.0921780433172464,-0.0921809915595398,-0.0701414224642347,-0.0588647743329571,-0.0458635212379951,-0.0370916374984118,-0.0301200223765644,-0.0241389973664004,-1.47412114672566e-06,0.0241360491241069,0.0301170741342709,0.0370886892561183,0.0458605729957017,0.0588618260906637,0.0701384742219413,0.0921780433172464
74,0.039169405,-0.0912437274775347,-0.0691081172645118,-0.0577823292482412,-0.0447244210129917,-0.0359143123192272,-0.0289123172155523,-0.0229052288860653,0.00133747766387953,0.0255801842138243,0.0315872725433114,0.0385892676469863,0.0473993763407507,0.0604572845760003,0.0717830725922709,0.0939186828052937,-0.0912437274775347,-0.0691081172645118,-0.0577823292482412,-0.0447244210129917,-0.0359143123192272,-0.0289123172155523,-0.0229052288860653,0.00133747766387953,0.0255801842138243,0.0315872725433114,0.0385892676469863,0.0473993763407507,0.0604572845760003,0.0717830725922709,0.0939186828052937
75,-0.00872020700000009,-0.0906629418165126,-0.0684137015594431,-0.0570297742021394,-0.0439048350301482,-0.0350495008815942,-0.0280115620201287,-0.0219736371469501,0.00239351592995143,0.026760669006853,0.0327985938800315,0.039836532741497,0.048691866890051,0.0618168060620423,0.073200733419346,0.0954499736764154,-0.0906629418165126,-0.0684137015594431,-0.0570297742021394,-0.0439048350301482,-0.0350495008815942,-0.0280115620201287,-0.0219736371469501,0.00239351592995143,0.026760669006853,0.0327985938800315,0.039836532741497,0.048691866890051,0.0618168060620423,0.073200733419346,0.0954499736764154
76,0,-0.0900856123441807,-0.0677020445177614,-0.0562493878342473,-0.0430452081508288,-0.0341364108054099,-0.0270559810898941,-0.0209816028473978,0.00353266448630436,0.0280469318200065,0.0341213100625028,0.0412017397780187,0.0501105371234375,0.063314716806856,0.0747673734903701,0.0971509413167894,-0.0900856123441807,-0.0677020445177614,-0.0562493878342473,-0.0430452081508288,-0.0341364108054099,-0.0270559810898941,-0.0209816028473978,0.00353266448630436,0.0280469318200065,0.0341213100625028,0.0412017397780187,0.0501105371234375,0.063314716806856,0.0747673734903701,0.0971509413167894
77,0.169028038,-0.0895835534461412,-0.0670413449564753,-0.0555075190390706,-0.0422097564273697,-0.0332378191245246,-0.0261072077724238,-0.0199897781539953,0.00469823090216062,0.0293862399583165,0.0355036695767451,0.0426342809288459,0.0516062182316909,0.0649039808433918,0.0764378067607966,0.0989800152504624,-0.0895835534461412,-0.0670413449564753,-0.0555075190390706,-0.0422097564273697,-0.0332378191245246,-0.0261072077724238,-0.0199897781539953,0.00469823090216062,0.0293862399583165,0.0355036695767451,0.0426342809288459,0.0516062182316909,0.0649039808433918,0.0764378067607966,0.0989800152504624
78,-0.00738970700000019,-0.090429592606492,-0.0677002405545062,-0.0560706617622067,-0.0426625022181387,-0.0336160806291362,-0.0264262715275974,-0.0202580555112185,0.00463491136721438,0.0295278782456473,0.0356960942620261,0.042885903363565,0.0519323249525675,0.0653404844966355,0.0769700632889349,0.0996994153409207,-0.090429592606492,-0.0677002405545062,-0.0560706617622067,-0.0426625022181387,-0.0336160806291362,-0.0264262715275974,-0.0202580555112185,0.00463491136721438,0.0295278782456473,0.0356960942620261,0.042885903363565,0.0519323249525675,0.0653404844966355,0.0769700632889349,0.0996994153409207
79,0.187158275,-0.0913251435676224,-0.0683753101402227,-0.0566329210257573,-0.0430946984050436,-0.033960523875704,-0.0267009715190102,-0.0204729219997655,0.004661513951914,0.0297959499035935,0.0360239994228382,0.043283551779532,0.0524177263088715,0.0659559489295853,0.0776983380440507,0.10064817147145,-0.0913251435676224,-0.0683753101402227,-0.0566329210257573,-0.0430946984050436,-0.033960523875704,-0.0267009715190102,-0.0204729219997655,0.004661513951914,0.0297959499035935,0.0360239994228382,0.043283551779532,0.0524177263088715,0.0659559489295853,0.0776983380440507,0.10064817147145
80,0,-0.093748094501986,-0.0705388890324677,-0.058663791005164,-0.0449725635071426,-0.0357351573134759,-0.0283935597024851,-0.0220951226605017,0.00332337504704667,0.028741872754595,0.0350403097965785,0.0423819074075693,0.051619313601236,0.0653105410992573,0.0771856391265611,0.100394844596079,-0.093748094501986,-0.0705388890324677,-0.058663791005164,-0.0449725635071426,-0.0357351573134759,-0.0283935597024851,-0.0220951226605017,0.00332337504704667,0.028741872754595,0.0350403097965785,0.0423819074075693,0.051619313601236,0.0653105410992573,0.0771856391265611,0.100394844596079
81,0.14567562,-0.0963353819060107,-0.0728215703861272,-0.060790619255082,-0.0469197031098856,-0.0375610618390437,-0.0301231104319443,-0.0237420104124042,0.00201008890003678,0.0277621882124778,0.0341432882320178,0.0415812396391173,0.0509398809099592,0.0648107970551556,0.0768417481862008,0.100355559706084,-0.0963353819060107,-0.0728215703861272,-0.060790619255082,-0.0469197031098856,-0.0375610618390437,-0.0301231104319443,-0.0237420104124042,0.00201008890003678,0.0277621882124778,0.0341432882320178,0.0415812396391173,0.0509398809099592,0.0648107970551556,0.0768417481862008,0.100355559706084
82,-0.152272294,-0.100216340965128,-0.0763454861037985,-0.0641318520849124,-0.0500503142697581,-0.0405495675581243,-0.0329986752515175,-0.0265206819966485,-0.000377552264491079,0.0257655774676664,0.0322435707225353,0.0397944630291421,0.049295209740776,0.0633767475559303,0.0755903815748163,0.0994612364361454,-0.100216340965128,-0.0763454861037985,-0.0641318520849124,-0.0500503142697581,-0.0405495675581243,-0.0329986752515175,-0.0265206819966485,-0.000377552264491079,0.0257655774676664,0.0322435707225353,0.0397944630291421,0.049295209740776,0.0633767475559303,0.0755903815748163,0.0994612364361454
83,-0.0350810729999997,-0.103214710210071,-0.0789262483924475,-0.0664989438302335,-0.0521710575629145,-0.0425041007201471,-0.0348211098702837,-0.0282297878275779,-0.00162929898956155,0.0249711898484548,0.0315625118911606,0.039245502741024,0.0489124595837914,0.0632403458511104,0.0756676504133244,0.0999561122309483,-0.103214710210071,-0.0789262483924475,-0.0664989438302335,-0.0521710575629145,-0.0425041007201471,-0.0348211098702837,-0.0282297878275779,-0.00162929898956155,0.0249711898484548,0.0315625118911606,0.039245502741024,0.0489124595837914,0.0632403458511104,0.0756676504133244,0.0999561122309483
84,0,-0.106254297584085,-0.0814785625285005,-0.0688019423456178,-0.0541866111348098,-0.0443257165533181,-0.0364885901366682,-0.0297650335021507,-0.00263088771933678,0.0245032580634772,0.0312268146979947,0.0390639411146446,0.0489248356961362,0.0635401669069442,0.0762167870898269,0.100992522145411,-0.106254297584085,-0.0814785625285005,-0.0688019423456178,-0.0541866111348098,-0.0443257165533181,-0.0364885901366682,-0.0297650335021507,-0.00263088771933678,0.0245032580634772,0.0312268146979947,0.0390639411146446,0.0489248356961362,0.0635401669069442,0.0762167870898269,0.100992522145411
85,-0.048305874,-0.109647258821822,-0.0843044649475399,-0.071337706480168,-0.0563878644089281,-0.0463012769379969,-0.0382847769674307,-0.031407333795377,-0.00365215067020149,0.024103032454974,0.0309804756270277,0.038996975597594,0.0490835630685251,0.0640334051397651,0.077000163607137,0.102342957481419,-0.109647258821822,-0.0843044649475399,-0.071337706480168,-0.0563878644089281,-0.0463012769379969,-0.0382847769674307,-0.031407333795377,-0.00365215067020149,0.024103032454974,0.0309804756270277,0.038996975597594,0.0490835630685251,0.0640334051397651,0.077000163607137,0.102342957481419
86,-0.000245758000000151,-0.11308667107658,-0.087085872031035,-0.0737824421544892,-0.0584444395102182,-0.0480959619434594,-0.0398713200268143,-0.0328153095983354,-0.00433948556370323,0.0241363384709289,0.0311923488994079,0.039416990816053,0.0497654683828117,0.0651034710270828,0.0784069009036285,0.104407699949174,-0.11308667107658,-0.087085872031035,-0.0737824421544892,-0.0584444395102182,-0.0480959619434594,-0.0398713200268143,-0.0328153095983354,-0.00433948556370323,0.0241363384709289,0.0311923488994079,0.039416990816053,0.0497654683828117,0.0651034710270828,0.0784069009036285,0.104407699949174
87,-0.0819014180000002,-0.116988146312031,-0.0902261851351689,-0.0765333031105983,-0.0607462870816848,-0.0500948623160036,-0.0416294475692766,-0.0343668754914066,-0.00505743404081645,0.0242520074097737,0.0315145794876437,0.0399799942343707,0.0506314190000519,0.0664184350289655,0.0801113170535361,0.106873278230398,-0.116988146312031,-0.0902261851351689,-0.0765333031105983,-0.0607462870816848,-0.0500948623160036,-0.0416294475692766,-0.0343668754914066,-0.00505743404081645,0.0242520074097737,0.0315145794876437,0.0399799942343707,0.0506314190000519,0.0664184350289655,0.0801113170535361,0.106873278230398
88,0.00132604700000005,-0.120801850023802,-0.0931623164592062,-0.0790204204369751,-0.0627157200253617,-0.0517150160643849,-0.0429720052856128,-0.0354712805298675,-0.00520073027462173,0.0250698199806241,0.0325705447363693,0.0413135555151414,0.0523142594761182,0.0686189598877317,0.0827608559099628,0.110400389474558,-0.120801850023802,-0.0931623164592062,-0.0790204204369751,-0.0627157200253617,-0.0517150160643849,-0.0429720052856128,-0.0354712805298675,-0.00520073027462173,0.0250698199806241,0.0325705447363693,0.0413135555151414,0.0523142594761182,0.0686189598877317,0.0827608559099628,0.110400389474558
89,0,-0.125210954427706,-0.0965631615258961,-0.0819053849198986,-0.0650059072342013,-0.0536039098701116,-0.0445419638158052,-0.0367676209921868,-0.00539283484720894,0.0259819512977689,0.0337562941213873,0.0428182401756938,0.0542202375397835,0.0711197152254808,0.0857774918314783,0.114425284733289,-0.125210954427706,-0.0965631615258961,-0.0819053849198986,-0.0650059072342013,-0.0536039098701116,-0.0445419638158052,-0.0367676209921868,-0.00539283484720894,0.0259819512977689,0.0337562941213873,0.0428182401756938,0.0542202375397835,0.0711197152254808,0.0857774918314783,0.114425284733289
90,-0.0367068229999998,-0.130270864488386,-0.100468850833334,-0.0852205118055466,-0.0676401534694398,-0.055778769163007,-0.0463517169297886,-0.0382641455143345,-0.00562526794628671,0.027013609621761,0.0351011810372152,0.0445282332704336,0.0563896175768664,0.0739699759129732,0.0892183149407605,0.119020328595813,-0.130270864488386,-0.100468850833334,-0.0852205118055466,-0.0676401534694398,-0.055778769163007,-0.0463517169297886,-0.0382641455143345,-0.00562526794628671,0.027013609621761,0.0351011810372152,0.0445282332704336,0.0563896175768664,0.0739699759129732,0.0892183149407605,0.119020328595813
